user_id,name,video_percentage,audio_percentage,text_percentage,completed_courses
USR001,Atheeque,0.3,0.5,0.2,ML0201EN;ML0122EN;excourse90;excourse91;excourse92;excourse93;RAVSCTEST1;GPXX06RFEN;GPXX0SDXEN;RP0105EN;GPXX0BUBEN;CNSC02EN;GPXX0FTCEN;test;GPXX0Z2PEN;GPXX0ZG0EN;DX0106EN;DS0132EN
USR002,Aadhil,0.2,0.5,0.3,ML0122EN;excourse93;excourse90;excourse91;excourse92;GPXX06RFEN;PA0103EN;DS0132EN
USR003,Areef,0.5,0.4,0.1,ML0201EN
USR004,Dulan,0.5,0.3,0.2,ML0201EN
USR005,Yasas,0.9978931929949432,0.0825421746665721,0.0229285824318192,
testusr1111,Dias ge nangi,0.3039262375114193,0.970681864359678,0.0646990466660303,ML0201EN;DW0101EN;GPXX0Z2PEN;CNSC02EN;GPXX0FTCEN;CC0120EN;GPXX048OEN;ML0111EN;CO0201EN;GPXX01DCEN;CO0301EN;GPXX0A1YEN;HCC104EN;PA0103EN;CC0210EN;DS0132EN
1,Aarthif,0.0098445011777302,0.8810814430317581,0.9313898695032666,ML0201EN;ML0122EN;DS0132EN
test1111,Ishtaffa,0.8799023397702496,0.3236976476750449,0.221891866565416,
